{"0": 243927.75867684925, "1": 4717.0253368644635, "2": 3375.2710257722565, "3": 3112.374369024316, "4": 3030.4968697809823, "5": 3003.4596405609473, "6": 2994.8066936619675, "7": 2993.996177954677, "8": 2996.2435301162172, "9": 3002.7514337160246, "10": 3002.203189808115, "11": 3004.96626271181}