{"0": 41991.19514536082, "1": 8559.266227923084, "2": 6914.503268925994, "3": 6535.930369931117, "4": 6410.714605940565, "5": 6360.641872097599, "6": 6377.721531443406, "7": 6332.177919344877, "8": 6321.8568057547645, "9": 6324.783578794138, "10": 6313.860965857595, "11": 6311.77943158543, "12": 6309.6050753558175, "13": 6299.656792893103, "14": 6298.209782660635, "15": 6298.977243637445, "16": 6293.307384354713}