{"0": 39927.39986607141, "1": 7787.695900527572, "2": 3539.231621431064, "3": 3202.88585290361, "4": 3367.6795316808348, "5": 3024.9570556516887, "6": 3003.4141301784975, "7": 3000.1513795943342, "8": 3001.0138419141094, "9": 3019.8896112923253, "10": 3377.007825209503, "11": 3021.8879322745956, "12": 3008.131311025279, "13": 3011.580132063048, "14": 3011.9029170019344, "15": 3018.4817164572282}